{
    "recreateDB": false,
    "db": {
        "name": "customer_master"
    },
    "topicSeries": {
        "hostname" : "https://id-service-ev5rlx6hwq-as.a.run.app/id-series",
        "forecastCode":"FORECAST",
        "targetCode" : "TARGET",
        "orderSetupCode": "ORDERSETUP",
        "orderList1Code": "ORLIST1",
        "orderList2Code": "ORLIST2",
        "adhocAccesoriesCode": "ADHOCACCORDER",
        "usedVehicle":"USEDVEHICLE"
    },  
    "generalService": {
        "hostname" : "general-service-ev5rlx6hwq-as.a.run.app",
        "getGeneralDataPath" : "/cache/getGeneralData/",
        "getGeneralDataByIdsPath" : "/cache/getGeneralDataByIds/",
        "getGeneralDataByQueryPath" : "/cache/getGeneralDataByQuery/"
    },
    "authService": {
        "hostname": "auth-service-ev5rlx6hwq-as.a.run.app",
        "cachePath": "/cache/getCache/",
        "cacheByIdPath": "/cache/getCacheByIds/",
        "cacheByQueryPath" : "/cache/getCacheByQuery/"
    },
    "customerService": {
        "hostname" : "customer-service-ev5rlx6hwq-as.a.run.app",
        "getCustomerDataPath" : "/cache/getCustomerData/",
        "getCustomerDataByIdsPath" : "/cache/getCustomerDataByIds/"
    },
    "appointmentService": {
        "hostname" : "appointment-service-ev5rlx6hwq-as.a.run.app",
        "cachePath" : "/cache/getCache/",
        "cacheByIdPath" : "/cache/getCacheByIds/",
        "cacheByQueryPath" : "/cache/getCacheByQuery/"
    },
    "exportService": {
        "hostname" : "35.240.225.80",
        "getexportDataPath" : "/export_csv"       
    },
    "publisher": {
        "topic":   "projects/driveit-stage1/topics/migration-driveit-vehicle"
    },
	"navisionKafka": {
		"ip": "211.25.100.190",
		"port": "9092",
		"topic": {
			"navAccessories": "ETCM-NAVACC-PARALLEL",
			"navAfd": "ETCM-NAVAFD-PARALLEL",
			"navVic": "ETCM-NAVVIC-PARALLEL",
			"navisionPdiDo": "ETCM-PDIDO-PARALLEL",
			"navisionCreditInvoiceEtcmHistory": "ETCM-VSMCN-PARALLEL",
			"navisionCustomerEtcmHistory": "ETCM-VSMCUST-PARALLEL",
			"navisionDebitInvoiceEtcmHistory": "ETCM-VSMDN-PARALLEL",
			"navGlExtendedWarranty": "ETCM-VSMEWP-PARALLEL",
			"navGlFreeMaintenance": "ETCM-VSMFMS-PARALLEL",
			"navBookingCommission": "ETCM-VSMGLCOMM-PARALLEL",
			"navExcisePayment": "ETCM-VSMGLED-PARALLEL",
			"navGLVSMIT": "ETCM-VSMIT-PARALLEL",
			"navGlJobComplete": "ETCM-VSMJC-PARALLEL",
			"navisionEtcmJVSHistory": "ETCM-VSMJVS-PARALLEL",
			"navisionSalesInvoiceHistory": "ETCM-VSMNVI-PARALLEL",
			"navisionGLAuctionSalesHistory": "ETCM-VSMSCS-PARALLEL",
			"navisionUsedVehicleCostHistory": "ETCM-VSMUVCOST-PARALLEL",
			"navisionUsedVehicleInvoiceHistory": "ETCM-VSMUVI-PARALLEL",
			"navisionServiceCreditInvoiceHistory": "TCEAS-WMSCN-PARALLEL",
			"navisionTceasCOSDriveIT": "EGC-SVSCOS-CRP",
			"navisionTceasLPODriveIT": "EGC-SVSLPO-CRP",
			"navisionTceasPaymentCashVoucherDriveIT": "EGC-SVSPMT-CRP",
			"navisionTceasServiceInvoiceDriveIT": "EGC-SVSROINV-CRP",
			"navisionTceasWIPDriveIT": "EGC-SVSWIP-CRP",
			"navisionROParts": "WI-Preprod",
			"navisionCustomerHistory": "CUST-SIT",
			"navisionCreditInvoiceHistory": "VSMCN-SIT",
			"navisionDebitInvoiceHistory": "VSMDN-SIT",
			"navisionJVSHistory": "VSMJVS-SIT",
			"navisionUsedVehicleHistory": "VSMUVI-SIT",
			"navisionPOHistory": "WMSLPO-SIT",
			"navisionCOSInvoiceHistory": "WMSCOS-SIT",
			"navisionServiceInvoiceHistory": "EGC-SVSROINV-CRP",
            "navisionTceasServiceInvoiceCreditDriveIT": "EGC-ROCN",
            "navisionTceasCustomerDriveIT": "TCEAS-WMSCUST-PARALLEL",
            "navisionTceasVendorDriveIT": "TCEAS-WMSVEND-PARALLEL"
		}
	}
}