{
    "recreateDB": false,
    "db": {
        "name": "customer_master"
    },
    "topicSeries": {
        "hostname" : "https://id-service-our5b3cdvq-an.a.run.app/id-series",
        "forecastCode":"FORECAST",
        "targetCode" : "TARGET",
        "orderSetupCode": "ORDERSETUP",
        "orderList1Code": "ORLIST1",
        "orderList2Code": "ORLIST2",
        "adhocAccesoriesCode": "ADHOCACCORDER",
        "usedVehicle":"USEDVEHICLE"
    },   
    "generalService": {
        "hostname" : "general-service-our5b3cdvq-an.a.run.app",
        "getGeneralDataPath" : "/cache/getGeneralData/",
        "getGeneralDataByIdsPath" : "/cache/getGeneralDataByIds/",
        "getGeneralDataByQueryPath" : "/cache/getGeneralDataByQuery/"
    },
    "authService": {
        "hostname": "auth-service-our5b3cdvq-an.a.run.app",
        "cachePath": "/cache/getCache/",
        "cacheByIdPath": "/cache/getCacheByIds/",
        "cacheByQueryPath" : "/cache/getCacheByQuery/"
    },
    "customerService": {
        "hostname" : "customer-service-our5b3cdvq-an.a.run.app",
        "getCustomerDataPath" : "/cache/getCustomerData/",
        "getCustomerDataByIdsPath" : "/cache/getCustomerDataByIds/"
    },
    "appointmentService": {
        "hostname" : "appointment-service-our5b3cdvq-an.a.run.app",
        "cachePath" : "/cache/getCache/",
        "cacheByIdPath" : "/cache/getCacheByIds/",
        "cacheByQueryPath" : "/cache/getCacheByQuery/"
    },
    "exportService": {
        "hostname" : "35.240.225.80",
        "getexportDataPath" : "/export_csv"       
    },
    "publisher": {
        "topic":   "projects/tc3s-dev/topics/migration-driveit-customer"
    },
	"navisionKafka": {
        "ip": "211.25.100.190",
		"port": "9092",
		"topic": {
            "navisionCustomerHistory": "CUST-Dev",
            "navisionCustomerEtcmHistory": "CUST-ETCM-Dev",
            "navisionTceasCustomerDriveIT": "TCEAS-CUST-Dev",
            "navisionTceasVendorDriveIT": "TCEAS-WMSVEND-Dev"
        }
    }
}