{
    "recreateDB": false,
    "db": {
        "name": "customer_master"
    },
    "topicSeries": {
        "hostname" : "http://localhost:8086/id-series",
        "forecastCode":"FORECAST",
        "targetCode" : "TARGET",
        "orderSetupCode": "ORDERSETUP",
        "orderList1Code": "ORLIST1",
        "orderList2Code": "ORLIST2",
        "adhocAccesoriesCode": "ADHOCACCORDER",
        "usedVehicle":"USEDVEHICLE"
    },   
    "generalService": {
        "hostname" : "localhost",
        "port" : "8080",
        "getGeneralDataPath" : "/cache/getGeneralData/",
        "getGeneralDataByIdsPath" : "/cache/getGeneralDataByIds/",
        "getGeneralDataByQueryPath" : "/cache/getGeneralDataByQuery/"
    },
    "authService": {
        "hostname" : "localhost",
        "port" : "8081",
        "cachePath" : "/cache/getCache/",
        "cacheByIdPath" : "/cache/getCacheByIds/",
        "cacheByQueryPath" : "/cache/getCacheByQuery/"
    },
    "customerService": {
        "hostname" : "localhost",
        "port" : "8082",
        "getCustomerDataPath" : "/cache/getCustomerData/",
        "getCustomerDataByIdsPath" : "/cache/getCustomerDataByIds/"
    },
    "appointmentService": {
        "hostname" : "localhost",
        "port" : "8089",
        "cachePath" : "/cache/getCache/",
        "cacheByIdPath" : "/cache/getCacheByIds/",
        "cacheByQueryPath" : "/cache/getCacheByQuery/"
    },
    "exportService": {
        "hostname" : "35.240.225.80",
        "getexportDataPath" : "/export_csv"       
    },
    "publisher": {
        "topic":   "projects/p2-etcm/topics/migration-driveit-customer"
    },
	"navisionKafka": {
        "ip": "211.25.100.190",
		"port": "9092",
		"topic": {
            "navisionCustomerHistory": "CUST-Dev",
            "navisionCustomerEtcmHistory": "CUST-ETCM-Dev",
            "navisionTceasCustomerDriveIT": "TCEAS-CUST-Dev",
            "navisionTceasVendorDriveIT": "TCEAS-WMSVEND-Dev"
        }
    }
}