{
    "recreateDB": false,
    "db": {
        "name": "customer_master"
    },
    "topicSeries": {
        "hostname" : "https://id-service-zdyl5cnu7q-an.a.run.app/id-series",
        "forecastCode":"FORECAST",
        "targetCode" : "TARGET",
        "orderSetupCode": "ORDERSETUP",
        "orderList1Code": "ORLIST1",
        "orderList2Code": "ORLIST2",
        "adhocAccesoriesCode": "ADHOCACCORDER",
        "usedVehicle":"USEDVEHICLE"
    },  
    "generalService": {
        "hostname" : "general-service-zdyl5cnu7q-an.a.run.app",
        "getGeneralDataPath" : "/cache/getGeneralData/",
        "getGeneralDataByIdsPath" : "/cache/getGeneralDataByIds/",
        "getGeneralDataByQueryPath" : "/cache/getGeneralDataByQuery/"
    },
    "authService": {
        "hostname": "auth-service-zdyl5cnu7q-an.a.run.app",
        "cachePath": "/cache/getCache/",
        "cacheByIdPath": "/cache/getCacheByIds/",
        "cacheByQueryPath" : "/cache/getCacheByQuery/"
    },
    "customerService": {
        "hostname" : "customer-service-zdyl5cnu7q-an.a.run.app",
        "getCustomerDataPath" : "/cache/getCustomerData/",
        "getCustomerDataByIdsPath" : "/cache/getCustomerDataByIds/"
    },
    "appointmentService": {
        "hostname" : "appointment-service-zdyl5cnu7q-an.a.run.app",
        "cachePath" : "/cache/getCache/",
        "cacheByIdPath" : "/cache/getCacheByIds/",
        "cacheByQueryPath" : "/cache/getCacheByQuery/"
    },
    "exportService": {
        "hostname" : "35.240.225.80",
        "getexportDataPath" : "/export_csv"       
    },
    "publisher": {
        "topic":   "projects/p2-etcm/topics/migration-driveit-customer"
    },
	"navisionKafka": {
		"ip": "211.25.100.190",
		"port": "9092",
		"topic": {
            "navisionCustomerEtcmHistory": "ETCM-VSMCUST-UAT",
            "navAfd": "ETCM-VSMNAVAFD-UAT",
            "navVic": "ETCM-VSMNAVVIC-UAT",
            "navisionPdiDo": "ETCM-PDIDO-UAT",
            "navExcisePayment": "ETCM-VSMGLED-UAT",
            "navisionSalesInvoiceHistory": "ETCM-VSMNVI-UAT",
            "navBookingCommission": "ETCM-VSMGLCOMM-UAT",
            "navGlFreeMaintenance": "ETCM-VSMFMS-UAT",
            "navGlExtendedWarranty": "ETCM-VSMEWP-UAT",
            "navGlJobComplete": "ETCM-VSMJC-UAT",
            "navisionEtcmJVSHistory": "ETCM-VSMJVS-UAT",
            "navisionUsedVehicleInvoiceHistory": "ETCM-VSMUVI-UAT",
            "navisionUsedVehicleCostHistory": "ETCM-VSMUVCOST-UAT",
            "navisionGLAuctionSalesHistory": "ETCM-VSMSCS-UAT",
            "navGLVSMIT": "ETCM-VSMIT-UAT",
            "navisionCreditInvoiceEtcmHistory": "ETCM-VSMCN-UAT",
            "navisionDebitInvoiceEtcmHistory": "ETCM-VSMDN-UAT",

            "navisionUsedVehicleHistory": "VSMUVI-SIT",
            "navAccessories": "ETCM-NAVACC-UAT",
            "navisionCOSInvoiceHistory": "WMSCOS-SIT",
            "navisionCreditInvoiceHistory": "VSMCN-SIT",
            "navisionDebitInvoiceHistory": "VSMDN-SIT",
            "navisionCustomerHistory": "CUST-SIT",
            "navisionJVSHistory": "VSMJVS-SIT",
            "navisionInvoiceCancelHistory": "WMSCN-SIT",
            "navisionPOHistory": "WMSLPO-SI",
            "navisionROParts": "WI-SIT",
            "navisionServiceCreditInvoiceHistory": "WMSCN-SIT",
            "navisionServiceInvoiceHistory": "WMSROINV-SIT",
            "navisionWipMovementHistory": "TCEAS-WIP"
        }
    }
}