{
    "recreateDB": false,
    "db": {
        "name": "customer_master"
    },
    "topicSeries": {
        "hostname" : "https://id-service-wwktbmr5ya-an.a.run.app/id-series",
        "forecastCode":"FORECAST",
        "targetCode" : "TARGET",
        "orderSetupCode": "ORDERSETUP",
        "orderList1Code": "ORLIST1",
        "orderList2Code": "ORLIST2",
        "adhocAccesoriesCode": "ADHOCACCORDER",
        "usedVehicle":"USEDVEHICLE"
    },
    "generalService": {
        "hostname": "general-service-wwktbmr5ya-an.a.run.app",
        "getGeneralDataPath": "/cache/getGeneralData/",
        "getGeneralDataByIdsPath": "/cache/getGeneralDataByIds/",
        "getGeneralDataByQueryPath" : "/cache/getGeneralDataByQuery/"
    },
    "authService": {
        "hostname": "auth-service-wwktbmr5ya-an.a.run.app",
        "cachePath": "/cache/getCache/",
        "cacheByIdPath": "/cache/getCacheByIds/",
        "cacheByQueryPath" : "/cache/getCacheByQuery/"
    },
    "customerService": {
        "hostname" : "customer-service-wwktbmr5ya-an.a.run.app",
        "getCustomerDataPath" : "/cache/getCustomerData/",
        "getCustomerDataByIdsPath" : "/cache/getCustomerDataByIds/"
    },
    "appointmentService": {
        "hostname" : "appointment-service-wwktbmr5ya-an.a.run.app",
        "cachePath" : "/cache/getCache/",
        "cacheByIdPath" : "/cache/getCacheByIds/",
        "cacheByQueryPath" : "/cache/getCacheByQuery/"
    },
    "exportService": {
        "hostname": "35.240.225.80",
        "getexportDataPath": "/export_csv"
    },
    "publisher": {
        "topic":   "projects/p2-etcm-tceas-dev2/topics/migration-driveit-customer"
    },
	"navisionKafka": {
		"ip": "211.25.100.190",
		"port": "9092",
		"topic": {
            "navisionCustomerHistory": "CUST-Preprod",
            "navisionCustomerEtcmHistory": "CUST-ETCM-Preprod"
        }
    }
}